"month_number","month_name","total_revenue"
"8","August",65954.70000000011
"10","October",64817.63000000006
"7","July",64441.33000000008
"12","December",63426.18000000005
"9","September",63353.15000000004
"1","January",59025.710000000065
"6","June",58846.60000000001
"5","May",58005.02000000002
"11","November",55882.970000000045
"3","March",55433.97000000002
"4","April",51246.51000000009
"2","February",48141.27000000004
